Кофе и напитки, coffee, cappuccino, espresso, moka pot, coffeeholic, latte art, flat white, turkish, caffeine, drink, cup, mug, glass, milk, soy, almond, pea, rice, hazelnut, oat, oat milk, coconut, lactose, kefir, dairy 
Коллажи и скрапбукинг, collage, scrapbook, scrapbooking, vision board, handmade, torn, cutout, patch, adhesive, frame, strip, album, tape, scotch, masking, torn paper, texture, pin, grid, paper 
Материалы и стиль, vector, illustration, design, graphic, typography, calligraphy, hand lettering,  gradient, stippling, stipple, drawing, doodle, outline, brush, bold, graphic, minimal, sketch, freehand, ink, paper, torn paper, tape, scotch, masking tape, cardboard, crayon, brush, ink, freehand, embossed, gritty, distressed, negative, macro, glitch, bold, neon, brutal, techno, hand drawn, chalkboard, modern, retro, vintage, pop, grunge, line, engraved
Цветы и природа, flower, rose, botanical, nature, floral, plant, leaf, tree, delicate, spring, night
Обучение и канцелярия, journal, diary, planner, school, stationery, notepad, education, lesson, classroom, quiz, note, moodboard 
Атмосфера и эмоции, trendy, inspirational, dreamy, feminine, good vibes, romance, nostalgia, calm, sweet, happy, love, fun, vibes, celebration, mood, humor, playful, romantic, valentine 
Еда и кухня, food, restaurant, cafe, breakfast, menu, meal, kitchen, recipe, cook, cooking, fish, mackerel, mussel, oyster, clam, scallop, shrimp, prawn, squid, crab, urchin, shell, seafood, calamari, fine dining, cockle, crustacean, bivalve, mytilus, bar, dinner, glass, spoon, wine, bottle, lemon, plate, octopus, fishing, dish, platter, gourmet, ingredient, shellfish, lobster, mediterranean, diet, lunch, french, sea, trout, fresh, delicious, seashell, delicacy, culinary
Текст и надписи, quote, phrase, text, handwritten, hand lettering, embossed, lettering, inscription, speech, word, pun 
Путешествия и места, english, language, uk, england, london, bus, big ben, tourism, university, greece 
Формы и элементы, crown, squared, cloud, circle, triangle, round, star, strip, shape, dot, splash, spot, heart
Люди и живое, bird, cat, girl, woman, man, face, bust, figure, head, statue, coastal, ocean, animal, marine, underwater
Применение, advertising, sale, promotion, banner, packaging, package, product, flyer, card, shop, branding, poster, label, packaging, print, flyer, blog, video, cover, template, placemat, social media
Цифровые элементы, image, template, icon, clip, sticker, cutout, set, graphic, collection, grid, frame,isolated, pattern, seamless, vector, kit, overlay, illustration
